_id	birth	death	gender	hair	height	race	realm	spouse
5cd99d4bde30eff6ebccfbbe			Female			Men		Belemir
5cd99d4bde30eff6ebccfbbf	Before ,TA 1944	Late ,Third Age	Male			Men		
5cd99d4bde30eff6ebccfbc0	TA 2917	TA 3010	Male			Men		Unnamed wife
5cd99d4bde30eff6ebccfbc1	YT during the ,Noontide of Valinor	FA 455	Male	Golden		Elves		Loved ,Andreth but remained unmarried
5cd99d4bde30eff6ebccfbc2	Mid ,First Age	FA 495	Female			Men		Brodda
5cd99d4bde30eff6ebccfbc3	Between ,SA 700, and ,SA 750	Early ,Second Age	Female			Men		Orchaldor
5cd99d4bde30eff6ebccfbc4	TA 2827	TA 2932	Male			Men		Unnamed wife
5cd99d4bde30eff6ebccfbc5	Late ,First Age	FA 489	Male			Men		None known
5cd99d4bde30eff6ebccfbc6	Between ,SA 700, and ,SA 750	Early ,Second Age	Female			Men		
5cd99d4bde30eff6ebccfbc7	TA 3017	FO 95	Male			Men		
5cd99d4bde30eff6ebccfbc8			Female			Men	Númenor	Tar-Meneldur
5cd99d4bde30eff6ebccfbc9	Late ,Second Age	Sailed West either SA 3310 fate unknown	Male			Men		Unnamed wife
5cd99d4bde30eff6ebccfbca	YT	Still alive	Female			Elves		Loved ,Finrod, but it is unknown whether they married
5cd99d4bde30eff6ebccfbcb	TA 2544	TA 2645	Male			Men	Rohan	Unnamed wife
5cd99d4bde30eff6ebccfbcc	TA 1330	TA 1540	Male			Men	Gondor	Unnamed wife
5cd99d4bde30eff6ebccfbcd	TA 726	TA 946	Male			Men	Arthedain	Unnamed wife
5cd99d4bde30eff6ebccfbce		TA 1981	Male	Golden		Elves	Lórien	Nimrodel
5cd99d4bde30eff6ebccfbcf	TA 2994		Male			Men		
5cd99d4bde30eff6ebccfbd0	YT		Female			Elves		Fingolfin
5cd99d4bde30eff6ebccfbd1	TA 136	TA 411	Male			Men	Gondor	Unnamed wife
5cd99d4bde30eff6ebccfbd2	Late ,Third Age		Male	Dark		Men		
5cd99d4bde30eff6ebccfbd3	FA 361	FA 455	Female	Dark brown		Men		Loved ,Aegnor, but they never married
5cd99d4bde30eff6ebccfbd4	FA 440	FA 489	Male			Men		Unnamed wife
5cd99d4bde30eff6ebccfbd5	Years of the Trees	FA 538	Male	Dark red		Elf	Estolad	None
5cd99d4bde30eff6ebccfbd6	Mid-,Third Age		Male			Men		
5cd99d4bde30eff6ebccfbd7	Sometime during ,Years of the Trees, or the ,First Age	SA 3434	Male			Elves	Lórien	Unnamed wife
5cd99d4bde30eff6ebccfbd8	Years of the Trees	YT 1497 ,Losgar	Male	Dark red		Elves		None
5cd99d4bde30eff6ebccfbd9			Male			Elves		
5cd99d4bde30eff6ebccfbda	Late ,Third Age		Male			Men		
5cd99d4bde30eff6ebccfbdb	TA 2866	TA 2977	Male			Men		Unnamed wife
5cd99d4bde30eff6ebccfbdc	YT	FA 455	Male	Golden		Elves		Eldalótë
5cd99d4bde30eff6ebccfbdd	SA 3219	SA 3440	Male			Men	Gondor	Unnamed wife
5cd99d4bde30eff6ebccfbde	SA 2709	SA 2962	Male			Men	Númenor	Unnamed wife
5cd99d4bde30eff6ebccfbdf	SA 2960	SA 3177	Male			Men	Númenor	Inzilbêth
5cd99d4bde30eff6ebccfbe0	SA 2798	SA 3033	Male			Men	Númenor	Unnamed wife
5cd99d4bde30eff6ebccfbe1	SA 3118	Still alive	Male		Tall	Men	Númenor	Tar-Míriel
5cd99d4bde30eff6ebccfbe2	SA 2876	SA 3102	Male			Men	Númenor	Unnamed wife
5cd99d4bde30eff6ebccfbe3	TA 2820	TA 2930	Male	Dark, then grey (film)		Men		Unnamed wife
5cd99d4bde30eff6ebccfbe4	TA 2296	TA 2455	Male			Men		Unnamed wife
5cd99d4bde30eff6ebccfbe5	TA 2227	TA 2327	Male			Men		Unnamed wife
5cd99d4bde30eff6ebccfbe6	March 1 ,2931	FO 120	Male	Dark	"198cm (6'6"")"	Men	Reunited Kingdom,Arnor,Gondor	Arwen
5cd99d4bde30eff6ebccfbe7	TA 2431	TA 2588	Male			Men		Unnamed wife
5cd99d4bde30eff6ebccfbe8	TA 2365	TA 2523	Male			Men		Unnamed wife
5cd99d4bde30eff6ebccfbe9	TA 2563	TA 2719	Male			Men		Unnamed wife
5cd99d4bde30eff6ebccfbea	TA 2012	TA 2177	Male			Men		Unnamed wife
5cd99d4bde30eff6ebccfbeb	TA 1938	TA 2106	Male			Men		Unnamed wife
5cd99d4bde30eff6ebccfbec	TA 185	TA 435	Male			Men	Arnor	Unnamed wife
5cd99d4bde30eff6ebccfbed	TA 2084	TA 2247	Male			Men		Unnamed wife
5cd99d4bde30eff6ebccfbee			Male			Elves		Unnamed wife
5cd99d4bde30eff6ebccfbef	TA 1789	TA 1964	Male			Men	Arthedain	Unnamed wife
5cd99d4bde30eff6ebccfbf0	TA 2693	TA 2848	Male			Men		Unnamed wife
5cd99d4bde30eff6ebccfbf1	TA 2873	TA 2933	Male	Dark (film)		Men		Gilraen
5cd99d4bde30eff6ebccfbf2	TA 1711	TA 1891	Male			Men	Arthedain,Arnor	Unnamed wife
5cd99d4bde30eff6ebccfbf3	TA 2156	TA 2319	Male			Men		Unnamed wife
5cd99d4bde30eff6ebccfbf4	TA 2497	TA 2654	Male			Men		Unnamed wife
5cd99d4bde30eff6ebccfbf5	After ,TA 1684		Male			Men		Unnamed wife
5cd99d4bde30eff6ebccfbf6	TA 2628	TA 2784	Male			Men		Unnamed wife
5cd99d4bde30eff6ebccfbf7	TA 1391	TA 1589	Male			Men	Arthedain	Unnamed wife
5cd99d4bde30eff6ebccfbf8	SA 3339		Male			Men	TA 2	Unknown, possibly known
5cd99d4bde30eff6ebccfbf9	SA 562		Male			Men		
5cd99d4bde30eff6ebccfbfa	YT 1362	FA 400	Female	Dark	Tall	Elves		Eöl
5cd99d4bde30eff6ebccfbfb	TA 1226	TA 1356	Male			Men	Arthedain,Arnor	Unnamed wife
5cd99d4bde30eff6ebccfbfc			Male			Elves		
5cd99d4bde30eff6ebccfbfd	Late ,First Age	FA 460	Male			Men		
5cd99d4bde30eff6ebccfbfe	TA 1864	TA 1975	Male			Men	Arthedain	Fíriel
5cd99d4bde30eff6ebccfbff	TA 1553	TA 1743	Male			Men	Arthedain,Arnor	Unnamed wife
5cd99d4bde30eff6ebccfc00	TA 1309	TA 1409	Male			Men	Arnor,Arthedain	Unnamed wife
5cd99d4bde30eff6ebccfc01	TA 1633	TA 1813	Male			Men	Arthedain,Arnor	Unnamed wife
5cd99d4bde30eff6ebccfc02	Years of the Trees	YT 1500, or ,FA 1 ,Battle of the Lammoth	Male	Possibly dark	Tall	Elves		None
5cd99d4bde30eff6ebccfc03	TA 2757	TA 2912	Male			Men		Unnamed wife
5cd99d4bde30eff6ebccfc04	TA 1473	TA 1670	Male			Men	Arthedain	Unnamed wife
5cd99d4bde30eff6ebccfc05	TA 977	TA 1226	Male			Men	Gondor	Unnamed wife
5cd99d4bde30eff6ebccfc06	After ,SA 61	Early ,Second Age	Male			Men		Possible unnamed wife
5cd99d4bde30eff6ebccfc07	TA 241	FO 121	Female	Black		Half-elven,Men	Reunited Kingdom	Aragorn II Elessar
5cd99d4bde30eff6ebccfc08	FA 214	FA 473	Male			Dwarves		
5cd99d4bde30eff6ebccfc09	SA 213	Early ,Second Age	Male			Men		Unnamed wife
5cd99d4bde30eff6ebccfc0a	TA 2981	Early-,Fourth Age	Female	Blonde		Hobbit		
5cd99d4bde30eff6ebccfc0b	SA 395		Male			Men		Unnamed wife
5cd99d4bde30eff6ebccfc0c	TA 2767	TA 2858	Male			Hobbits		Berylla (Boffin) Baggins
5cd99d4bde30eff6ebccfc0d	TA 480	TA 748	Male			Men	Gondor	Unnamed wife
5cd99d4bde30eff6ebccfc0e	TA 2852	TA 2934	Female	Black		Hobbits		Bungo Baggins
5cd99d4bde30eff6ebccfc0f	TA 2772	TA 2871	Female			Hobbits		Balbo Baggins
5cd99d4bde30eff6ebccfc10	TA 2846	TA 2926	Male			Hobbit		
5cd99d4bde30eff6ebccfc11	TA 2911	TA 3009	Male			Hobbits		Unnamed wife
5cd99d4bde30eff6ebccfc12	TA 2814	TA 2916	Female			Hobbits		Mungo Baggins
5cd99d4bde30eff6ebccfc13	TA 2864	TA 2960	male			Hobbits		Ruby Bolger
5cd99d4bde30eff6ebccfc14	TA 2908	TA 2980	Male			Hobbits		Primula Brandybuck
5cd99d4bde30eff6ebccfc15	22 September ,TA 2968	Unknown (Last sighting ,September 29 ,3021,) (,SR 1421,)	Male	Brown	"1.06m (3'6"")"	Hobbit		
5cd99d4bde30eff6ebccfc16	TA 2860	TA 2950	Male			Hobbits		Camellia (Sackville) Baggins
5cd99d4bde30eff6ebccfc17	TA 2807	TA 2900	Male			Hobbits		Laura Grubb
5cd99d4bde30eff6ebccfc18	TA 2950		Female			Hobbits		Milo Burrows
5cd99d4bde30eff6ebccfc19	TA 2816	TA 2911	Male			Hobbits		Mimosa Bunce
5cd99d4bde30eff6ebccfc1a	TA 2946		Male			Hobbits		Unnamed wife
5cd99d4bde30eff6ebccfc1b	TA 2763	TA 2994	Male	White		Dwarves		
5cd99d4bde30eff6ebccfc1c	FA 420	FA 460	Male			Men		Unnamed wife
5cd99d4bde30eff6ebccfc1d	TA 2948		Male			Hobbits		
5cd99d4bde30eff6ebccfc1e	FA 289	FA 380	Male			Men	Estolad	Unnamed wife
5cd99d4bde30eff6ebccfc1f	TA 2925	TA 3007	Male	Brown (film)	"1.76m / 5'9"" (film)"	Men	Dale	Unnamed wife
5cd99d4bde30eff6ebccfc20								
5cd99d4bde30eff6ebccfc21	TA 2898	TA 2977	Male	Black (films)		Men	Dale	Unnamed wife
5cd99d4bde30eff6ebccfc22	TA 2985	Early ,Fourth Age	Male		"6'2"""	Men	Dale,Lake-town	
5cd99d4bde30eff6ebccfc23	FA 316		Male			Men		Unnamed wife
5cd99d4bde30eff6ebccfc24	Mid-,First Age		Female	Brown		Men		Handir
5cd99d4bde30eff6ebccfc25	FA 402	FA 460	Male	Possibly dark		Men		Emeldir
5cd99d4bde30eff6ebccfc26	TA 2545	TA 2655	Male			Men		Unnamed wife
5cd99d4bde30eff6ebccfc27	TA 811	TA 1029	Male			Men	Arnor,Arthedain	Unnamed wife
5cd99d4bde30eff6ebccfc28	TA 2074	TA 2204	Male			Men		Unnamed wife
5cd99d4bde30eff6ebccfc29	Late ,First Age	FA 460	Male			Men		Unnamed wife
5cd99d4bde30eff6ebccfc2a	FA 339		Male			Men		Adanel
5cd99d4bde30eff6ebccfc2b	FA 292		Male			Men		Unnamed wife
5cd99d4bde30eff6ebccfc2c		Before the ,War of the Ring	Male	Black	Tall	Skin-changer		
5cd99d4bde30eff6ebccfc2d	FA 340		Male			Men		
5cd99d4bde30eff6ebccfc2e	TA 2700	TA 2811	Male			Men		Unnamed wife
5cd99d4bde30eff6ebccfc2f	TA 2976	Fourth Age	Male			Men		Unnamed wife
5cd99d4bde30eff6ebccfc30	Early ,Fourth Age		Male			Men		
5cd99d4bde30eff6ebccfc31	FA 432	FA 466	Male	Dark	Tall	Men		Lúthien Tinúviel
5cd99d4bde30eff6ebccfc32	FA 317		Male			Men		Unnamed wife
5cd99d4bde30eff6ebccfc33	TA 2655	TA 2763	Male			Men		Unnamed wife
5cd99d4bde30eff6ebccfc34	Mid ,First Age		Male			Men		Unnamed wife
5cd99d4bde30eff6ebccfc35	TA 3009		Male			Men		
5cd99d4bde30eff6ebccfc36	TA 2290	TA 2412	Male			Men	Gondor	Unnamed wife
5cd99d4bde30eff6ebccfc37	TA 2814	UnknownFourth Age	Male	Black/ Grey (film)	"4'5"" (film)"	Dwarves		
5cd99d4bde30eff6ebccfc38	22 September ,TA 2890	Unknown (Last sighting 29 SeptemberTA 3021,) (,SR 1421,)	Male	Brown, later white	"1.25m (4'1"")"	Hobbits		None
5cd99d4bde30eff6ebccfc39		Late Third Age	Male			Men	Lake-town,Dale,Rhûn,Dorwinion	
5cd99d4bde30eff6ebccfc3a	Late ,Third Age	March 15 ,3019	Male			Men		
5cd99d4bde30eff6ebccfc3b	TA 1560	Sometime after ,TA 1601	Male			Hobbits		
5cd99d4bde30eff6ebccfc3c	TA 2752	TA 2872	Male			Men		Unnamed wife
5cd99d4bde30eff6ebccfc3d	Late ,Third Age	Early ,Fourth Age	Male			Hobbits		
5cd99d4bde30eff6ebccfc3e	TA 2856	TA 2948	Female			Hobbits		Hugo Boffin
5cd99d4bde30eff6ebccfc3f	TA 2950		Female			Hobbits		Griffo Boffin
5cd99d4bde30eff6ebccfc40	TA 2767	TA 2858	Male			Hobbits		Unnamed wife
5cd99d4bde30eff6ebccfc41	TA 2978	Early ,Fourth Age	Male			Hobbits		
5cd99d4bde30eff6ebccfc42	TA 2904	TA 3004	Female			Hobbits		Adalbert Bolger
5cd99d4bde30eff6ebccfc43	TA 2946		Male			Hobbits		Daisy Baggins
5cd99d4bde30eff6ebccfc44	TA 2854	TA 2945	Male			Hobbits		Donnamira Took
5cd99d4bde30eff6ebccfc45	Late ,Third Age	Late Third Age	Female			Hobbits		Buffo Boffin
5cd99d4bde30eff6ebccfc46	TA 2769		Male			Hobbits		None
5cd99d4bde30eff6ebccfc47	TA 2812	TA 2900	Male			Hobbits		Lavender Grubb
5cd99d4bde30eff6ebccfc48	TA 2860		Male			Hobbits		Lavender Grubb
5cd99d4bde30eff6ebccfc49	TA 2988	Early-,Fourth Age	Male			Hobbits		
5cd99d4bde30eff6ebccfc4a								
5cd99d4bde30eff6ebccfc4b	before ,TA 2860		Female			Hobbits		Rollo Boffin
5cd99d4bde30eff6ebccfc4c	TA 2942	FO 22	Male	Brown (movie)		Hobbits		Poppy Chubb-Baggins
5cd99d4bde30eff6ebccfc4d	TA 2980	Early ,Fourth Age	Male			Hobbits		unknown, possibly unmarried
5cd99d4bde30eff6ebccfc4e	TA 2897	Late ,Third Age	Female			Hobbits		Herugar Bolger
5cd99d4bde30eff6ebccfc4f	TA 2843		Male	Dark Brown (films)		Dwarves		
5cd99d4bde30eff6ebccfc50	TA 2935	FO 10	Male			Hobbits		Rosamunda Took
5cd99d4bde30eff6ebccfc51	TA 2938		Female			Men		Odovacar Bolger
5cd99d4bde30eff6ebccfc52	TA 2894	TA 2986	Male			Hobbits		Unnamed wife
5cd99d4bde30eff6ebccfc53	Late ,Third Age	Late ,Third Age	Male			Hobbits		Ivy Goodenough
5cd99d4bde30eff6ebccfc54	TA 2834		Male	Ginger		Dwarves		
5cd99d4bde30eff6ebccfc55	Late ,First Age	FA 473	Male			Men		Unnamed wife
5cd99d4bde30eff6ebccfc56	TA 3011		Male			Men		Unnamed wife
5cd99d4bde30eff6ebccfc57	TA 2978	February 26 ,3019	Male	Dark (book) Light brown (movie)		Men		
5cd99d4bde30eff6ebccfc58	FA 338	FA 432	Male			Men		Unnamed wife
5cd99d4bde30eff6ebccfc59	TA 2410	TA 2489	Male			Men		Unnamed wife
5cd99d4bde30eff6ebccfc5a	TA 2904	TA 3000	Male			Hobbits		Prisca Baggins
5cd99d4bde30eff6ebccfc5b	Late ,Third Age	April 15 ,2510	Male			Men		
5cd99d4bde30eff6ebccfc5c	Late ,First Age	FA 473	Male			Men		
5cd99d4bde30eff6ebccfc5d	TA 2865		Male			Hobbits		Primrose Boffin
5cd99d4bde30eff6ebccfc5e	TA 2913	TA 3010	Male			Hobbits		Unnamed wife
5cd99d4bde30eff6ebccfc5f	TA 2865		Female			Hobbits		Blanco Bracegirdle
5cd99d4bde30eff6ebccfc60	TA 2957	March 17 ,3019	Male			Men	Dale,Laketown	Unnamed wife
5cd99d4bde30eff6ebccfc61	First Age	FA 499				Men		
5cd99d4bde30eff6ebccfc62	TA 2818		Female			Hobbits		Marmadoc Brandybuck
5cd99d4bde30eff6ebccfc63	TA 2904	TA 2998	Female			Hobbits		None
5cd99d4bde30eff6ebccfc64	Late ,First Age	FA 473	Male			Men		
5cd99d4bde30eff6ebccfc65	TA 2936		Female			Hobbits		Saradoc Brandybuck
5cd99d4bde30eff6ebccfc66	TA 2985	Before ,FO 63	Female	Dark Blonde		Hobbits		Meriadoc Brandybuck
5cd99d4bde30eff6ebccfc67	TA 2954		Female			Hobbits		Seredic Brandybuck
5cd99d4bde30eff6ebccfc68	SR 1175	SR 1277	Male			Hobbit	Buckland	Hanna Goldworthy
5cd99d4bde30eff6ebccfc69	SR 1385		Female			Hobbits		
5cd99d4bde30eff6ebccfc6a	TA 2983	Early-,Fourth Age	Female	Dark Brown		Hobbits		
5cd99d4bde30eff6ebccfc6b	TA 2450	TA 2711	Male			Dwarven		
5cd99d4bde30eff6ebccfc6c	TA 2860	TA 2960	Female			Hobbits		Gorbadoc Brandybuck
5cd99d4bde30eff6ebccfc6d	TA 2920	TA 2980	Female			Hobbits		Drogo Baggins
5cd99d4bde30eff6ebccfc6e	TA 2948		Male			Hobbits		Hilda Bracegirdle
5cd99d4bde30eff6ebccfc6f	TA 2512	TA 2570	Male			Men	Rohan	Unnamed wife
5cd99d4bde30eff6ebccfc70	Late ,First Age	FA 455	Male			Men		Unnamed wife
5cd99d4bde30eff6ebccfc71	Mid ,First Age	Late First Age	Male			Men		Unnamed wife
5cd99d4bde30eff6ebccfc72	TA 2857		Female			Hobbits		Uffo Boffin
5cd99d4bde30eff6ebccfc73	TA 1930	TA 2031	Male			Hobbits		
5cd99d4bde30eff6ebccfc74	TA 2913	TA 3012	Female			Hobbit		Rufus Burrows
5cd99d4bde30eff6ebccfc75	SR 1347		Male			Hobbits		Peony Baggins
5cd99d4bde30eff6ebccfc76	TA 2994		Female			Hobbits		None
5cd99d4bde30eff6ebccfc77	FA 262	FA 355	Male			Men		Unnamed wife
5cd99d4bde30eff6ebccfc78	Late ,First Age	FA 473	Male			Men		Unnamed wife
5cd99d4bde30eff6ebccfc79	TA 1736	TA 1936	Male			Men	Gondor	Unnamed wife
5cd99d4bde30eff6ebccfc7a	TA 2996		Male			Hobbits		
5cd99d4bde30eff6ebccfc7b	First Age	First Age	Male			Men		Unnamed wife
5cd99d4bde30eff6ebccfc7c	TA 2982	FO 65	Male	Golden yellow (film)	"1.38m (4'6"")"	Hobbit		Estella (Bolger) Brandybuck
5cd99d4bde30eff6ebccfc7d	TA 1058	TA 1304	Male			Men	Gondor	Unnamed wife
5cd99d4bde30eff6ebccfc7e	YT	Still alive, departed over the sea in the early Fourth Age	Male	Silver	Tall	Elves	Eregion,Lothlórien,Caras Galadhon	Galadriel
5cd99d4bde30eff6ebccfc7f	YT	SA 1697 ,War of the Elves and Sauron	Male	Dark		Elves	Eregion	
5cd99d4bde30eff6ebccfc80	TA 1062	TA 1272	Male			Men	Arthedain	Unnamed wife
5cd99d4bde30eff6ebccfc81	Between the years ,SA 350, and SA 400	Still alive; Departed to ,Aman, in ,TA 2510	Female	Possibly silver		Elves		Elrond
5cd99d4bde30eff6ebccfc82	During in the ,Noontide of Valinor	FA 506	Male	Fair		Elves		None
5cd99d4bde30eff6ebccfc83	TA 979	TA 1191	Male			Men	Arthedain	Unnamed wife
5cd99d4bde30eff6ebccfc84	SA 3399	TA 238	Male			Men	Gondor	Unnamed wife
5cd99d4bde30eff6ebccfc85	SA 575		Male			Men		Unnamed wife
5cd99d4bde30eff6ebccfc86	Late ,Third Age		Male			Men		
5cd99d4bde30eff6ebccfc87	SA 512	SA 900	Male			Men		Unnamed wife
5cd99d4bde30eff6ebccfc88	TA 2449	TA 2567	Male			Men		Unnamed wife
5cd99d4bde30eff6ebccfc89	TA 820	TA 1015	Male			Men	Gondor	Unnamed wife
5cd99d4bde30eff6ebccfc8a	Mid ,Second Age	After ,SA 1700	Male	Black	Tall	Men		
5cd99d4bde30eff6ebccfc8b	SA 3379	TA 2	Male			Men		Unknown, possibly known
5cd99d4bde30eff6ebccfc8c	TA 2886		Male			Hobbits		None
5cd99d4bde30eff6ebccfc8d	Late ,Third Age		Female			Hobbits		Farmer Cotton
5cd99d4bde30eff6ebccfc8e	TA 2983		Female			Hobbits		Tolman Cotton
5cd99d4bde30eff6ebccfc8f	TA 2984	FO 61	Female	Light brown (film)		Hobbits		Sam Gamgee
5cd99d4bde30eff6ebccfc90	TA 2941	FO 20	Male			Hobbits		Lily Brown
5cd99d4bde30eff6ebccfc91	TA 1259	TA 1447	Male			Men	Gondor	Unnamed wife
5cd99d4bde30eff6ebccfc92	During the ,Noontide of Valinor	FA 506	Male	Dark		Elves	Himlad	Unnamed wife
5cd99d4bde30eff6ebccfc93	YT, 1050. Age = 11,484.9 Sun Years or 1,198.6 Valian Years as of FO 121 (death of Arwen).	Still alive, sailed into the ,West, sometime during the ,Fourth Age last of all elves to leave ,Middle-earth,.	Male	Silver, bearded	Very tall	Elves		Presumably none
5cd99d4bde30eff6ebccfc94	Late ,First Age	FA 460	Male			Men		
5cd99d4bde30eff6ebccfc95	Late ,Third Age	TA 3019	Male	Dark		Men		
5cd99d4bde30eff6ebccfc96								
5cd99d4bde30eff6ebccfc97	YT	YT 1497	Male			Elves	Ossiriand	
5cd99d4bde30eff6ebccfc98	TA 2903	TA 2999	Male			Hobbits		Unnamed wife
5cd99d4bde30eff6ebccfc99	During the ,Noontide of Valinor	FA 506	Male	Dark		Elves		Unnamed wife
5cd99d4bde30eff6ebccfc9a	TA 2930	March 15 ,3019	Male	Dark, grey (in old age)		Men		Finduilas
5cd99d4bde30eff6ebccfc9b	TA 2995	Before ,FO 63	Female	Brown (film)		Hobbits		Peregrin Took
5cd99d4bde30eff6ebccfc9c	SR 1316	SR 1410	Male			Hobbits		
5cd99d4bde30eff6ebccfc9d	TA 2328	TA 2435	Male			Men		Possibly none
5cd99d4bde30eff6ebccfc9e			Male			Hobbits		
5cd99d4bde30eff6ebccfc9f	TA 2827		Male	Gray (film)		Dwarves		
5cd99d4bde30eff6ebccfca0	Late ,First Age	FA 499	Males			Men		
5cd99d4bde30eff6ebccfca1	TA 2375	TA 2477	Male			Men		Unnamed wife
5cd99d4bde30eff6ebccfca2	Late-,Third Age	Early-,Fourth Age	Male	Dark (Decipher Card)	Tall	Men		Unnamed wife
5cd99d4bde30eff6ebccfca3	FO 2		Male			Dwarves	Khazad-dum	
5cd99d4bde30eff6ebccfca4	TA 2772	FO 91	Male	Brown		Dwarves		
5cd99d4bde30eff6ebccfca5	TA 2440	TA 2589	Male			Dwarves	Grey Mountains	Unnamed wife
5cd99d4bde30eff6ebccfca6	Late ,Third Age		Male			Men		
5cd99d4bde30eff6ebccfca7	Between TA 2400 and ,TA 2430	TA 2463	Male	Dark-brown		Hobbits		None
5cd99d4bde30eff6ebccfca8	TA 2644	TA 2718	Male			Men,Rohirrim	Rohan	
5cd99d4bde30eff6ebccfca9	Late ,Third Age	Mid ,March ,3019	Male			Men		
5cd99d4bde30eff6ebccfcaa	Late ,Third Age	TA 3019	Male			Men		
5cd99d4bde30eff6ebccfcab	TA 2767	March 17 ,3019	Male		4'5 - 5' (Estimate)	Dwarves	Lonely Mountain	Unnamed wife
5cd99d4bde30eff6ebccfcac	Late ,Third Age	March 15 ,3019	Male			Men		
5cd99d4bde30eff6ebccfcad	TA 2838	After ,TA 2929	Male	Brown (film)		Men		Ivorwen
5cd99d4bde30eff6ebccfcae	Late ,First Age	Late First Age	Male			Men		
5cd99d4bde30eff6ebccfcaf	TA 2760	After ,TA 2941	Female			Dwarves		
5cd99d4bde30eff6ebccfcb0	Late ,Third Age	March 15 ,3019	Male			Men		
5cd99d4bde30eff6ebccfcb1	TA 2886	TA 2984	Male			Men		Unnamed wife
5cd99d4bde30eff6ebccfcb2	TA 2600	TA 2698	Male			Men		Possibly none
5cd99d4bde30eff6ebccfcb3		FA 465	Male			Elf		
5cd99d4bde30eff6ebccfcb4	TA 2626	TA 2743	Male			Men		Unnamed wife
5cd99d4bde30eff6ebccfcb5	Late ,Third Age	Late Third Age	Female			Hobbits		Paladin Took II
5cd99d4bde30eff6ebccfcb6	Mid ,First Age	Between ,FA 455, - ,FA 460	Female			Men		Gorlim
5cd99d4bde30eff6ebccfcb7	Early ,Second Age	Early Second Age	Male			Men		Silmariën
5cd99d4bde30eff6ebccfcb8	TA 87	TA 339	Male			Men	Arnor	Unnamed wife
5cd99d4bde30eff6ebccfcb9	FO 43	Before ,FO 220	Male	Dark		Men	Reunited Kingdom,Arnor,Gondor	
5cd99d4bde30eff6ebccfcba	TA 1255	TA 1490	Male			Men	Gondor	Unnamed wife
5cd99d4bde30eff6ebccfcbb		Presumably still alive				Elves		
5cd99d4bde30eff6ebccfcbc	SA 3119	SA 3441	Male	Brown	"7' 10"""	Men	Arnor,Gondor	Unnamed wife
5cd99d4bde30eff6ebccfcbd	SA 3299	TA 2	Male			Men		Unnamed wife
5cd99d4bde30eff6ebccfcbe	TA 552	TA 777	Male			Men	Arnor	Unnamed wife
5cd99d4bde30eff6ebccfcbf			Male			Men		
5cd99d4bde30eff6ebccfcc0	YT		Female			Elves		Angrod
5cd99d4bde30eff6ebccfcc1	YT	YT 1500	Female	Golden	Tall	Elves		Turgon
5cd99d4bde30eff6ebccfcc2	TA 2985	Early ,Fourth Age	Male	Dark		Men		
5cd99d4bde30eff6ebccfcc3	TA 2950	TA 2978	Female			Men	Rohan	Théoden
5cd99d4bde30eff6ebccfcc4	FO 8	FO 103	Male			Men	Rohan	
5cd99d4bde30eff6ebccfcc5	TA 130		Male	Dark	Tall	Elves		
5cd99d4bde30eff6ebccfcc6	FA 406		Female			Men		Barahir
5cd99d4bde30eff6ebccfcc7	TA 2987	FO 57	Male			Men		Unnamed wife
5cd99d4bde30eff6ebccfcc8	FA 532	Still alive; departed to ,Aman, on ,September 29 ,3021	Male	Dark	Tall	Half-elven	Rivendell	Celebrían
5cd99d4bde30eff6ebccfcc9	Unknown, Awakened in the Years of the Trees		Male			Elves		Enelyë
5cd99d4bde30eff6ebccfcca	Unknown, Awakened in the ,Years of the Trees		Female			Elves		Enel
5cd99d4bde30eff6ebccfccb	Unknown, possibly in the ,First Age		Male			Elves		
5cd99d4bde30eff6ebccfccd	TA 2990	Early ,Fourth Age	Male			Men		
5cd99d4bde30eff6ebccfcce	unknown	unknown	Male			Elves		unknown
5cd99d4bde30eff6ebccfccf	SA 771	SA 985	Female	Dark		Men	Númenor	Tar-Aldarion
5cd99d4bde30eff6ebccfcd0			Male			Elves		
5cd99d4bde30eff6ebccfcd2	TA 2485	TA 2545	Male	Blond		Men	Rohan	Unnamed wife
5cd99d4bde30eff6ebccfcd3	Late ,Third Age	early ,Fourth Age	Male		Tall	Men		
5cd99d4bde30eff6ebccfcd4	Late ,Second Age	Early ,Third Age	Male			Men		
5cd99d4bde30eff6ebccfcd5	TA 1999	TA 2116	Male			Men		Unnamed wife
5cd99d4bde30eff6ebccfcd6	SA 361	Early ,Second Age	Male			Men		Unnamed wife
5cd99d4bde30eff6ebccfcd7	TA 736	TA 936	Male			Men	Gondor	Unnamed wife
5cd99d4bde30eff6ebccfcd8	TA 1883	TA 2043	Male			Men	Gondor	Unnamed wife
5cd99d4bde30eff6ebccfcd9	TA 1928	TA 2050	Male			Men	Gondor	None
5cd99d4bde30eff6ebccfcda	Years of the Trees	Still alive	Female	Star-like		Elves		Finarfin
5cd99d4bde30eff6ebccfcdb	Late ,Second Age	Late Second Age	Male			Men		
5cd99d4bde30eff6ebccfcdc	YT	FA 400	Male	Dark	Tall	Elves	Nan Elmoth	Aredhel
5cd99d4bde30eff6ebccfcdd	TA 48	TA 324	Male			Men	Gondor	Unnamed wife
5cd99d4bde30eff6ebccfcde	TA 640	TA 861	Male					Unnamed wife
5cd99d4bde30eff6ebccfcdf	Mid ,Third Age	TA 1944	Male			Men		
5cd99d4bde30eff6ebccfce0	TA 2858	TA 2885	Male			Men		
5cd99d4bde30eff6ebccfce1	Late ,Third Age	March 15 ,3019	Male			Men		
5cd99d4bde30eff6ebccfce2	TA 2870	TA 2953	Male			Men	Rohan	
5cd99d4bde30eff6ebccfce3	TA 2701	TA 2801	Male			Hobbits		Unnamed wife
5cd99d4bde30eff6ebccfce4	YT 1230	Still Alive	Male	Golden		Elves	Tirion	Eärwen
5cd99d4bde30eff6ebccfce5	Fourth Age	sometime after ,FO 172	Male			Men		
5cd99d4bde30eff6ebccfce6	Years of the Trees		Female			Elves		
5cd99d4bde30eff6ebccfce7	First Age	FA 495	Female	Golden		Elves		None; betrothed to ,Gwindor, but never married.
5cd99d4bde30eff6ebccfce8	TA 2950	TA 2988	Female	Dark		Men		Denethor II
5cd99d4bde30eff6ebccfce9	YT 1190	FA 455	Male	Dark		Elves	Hithlum,Beleriand	Anairë
5cd99d4bde30eff6ebccfcea	TA 2560	TA 2803	Male			Dwarves		Unnamed wife
5cd99d4bde30eff6ebccfceb	YT during the ,Noontide of Valinor	FA 472	Male	Dark		Elves	Hithlum	
5cd99d4bde30eff6ebccfcec	YT 1300	FA 465	Male	Golden		Elves		Loved ,Amarië but they never married
5cd99d4bde30eff6ebccfced	YT, and perhaps Firstborn	YT 1495	Male	Black		Elves	Tirion,Formenos	Míriel Serindë then ,Indis
5cd99d4bde30eff6ebccfcee	Late ,Third Age	TA 2994	Male			Dwarves		
5cd99d4bde30eff6ebccfcef	TA 2983	February 26 ,82	Male	Raven		Men	Minas Ithil	owyn
5cd99d4bde30eff6ebccfcf0	TA 2804	TA 2864	Male			Men		Unnamed wife
5cd99d4bde30eff6ebccfcf1	SR 1210		Male			Hobbits	Shire	Pansy Baggins
5cd99d4bde30eff6ebccfcf2	TA 2858	TA 2885	Male			Men		
5cd99d4bde30eff6ebccfcf3	Late ,Third Age	TA 3019	Male			Men		unknown
5cd99d4bde30eff6ebccfcf4	TA 2830	TA 2903	Male			Men	Rohan	Unnamed wife
5cd99d4bde30eff6ebccfcf5	TA 2745	TA 2848	Male			Hobbits		Unnamed wife
5cd99d4bde30eff6ebccfcf6	Mid ,Third Age	TA 1944	Male			Men		Unknown, but possible since he had descendants
5cd99d4bde30eff6ebccfcf7	Late ,First Age	Late First Age	Male	Fair		Men		Unknown, probably none
5cd99d4bde30eff6ebccfcf8	TA 2698	TA 2754	Male	Dark		Men		Unnamed wife
5cd99d4bde30eff6ebccfcf9	TA 1967	Unknown, sometime after ,TA 2000	Male			Men		Unknown, probably as he had descendants
5cd99d4bde30eff6ebccfcfa	TA 2751	TA 2799	Male			Dwarves		
5cd99d4bde30eff6ebccfcfb	TA 1940	TA 2001	Male			Men		Unnamed wife
5cd99d4bde30eff6ebccfcfc	TA 2594	TA 2680	Male			Men	Rohan	
5cd99d4bde30eff6ebccfcfd	TA 2552	TA 2589	Male			Dwarves		
5cd99d4bde30eff6ebccfcfe	Late ,Third Age	November 102994	Male			Dwarf		
5cd99d4bde30eff6ebccfcff	TA 2662	TA 2799	Male			Dwarves		Unnamed wife
5cd99d4bde30eff6ebccfd00	TA 2570	TA 2659	Male			Men	Rohan	Unnamed wife
5cd99d4bde30eff6ebccfd01	TA 2726	TA 2798	Male			Men	Rohan	Unnamed wife
5cd99d4bde30eff6ebccfd02	YT 1169	YT 1497	Male	Raven	Tall	Elves	Tirion,Formenos	Nerdanel
5cd99d4bde30eff6ebccfd03	TA 1896		Female			Men	Arthedain	Arvedui
5cd99d4bde30eff6ebccfd04	TA 2859	November 23TA 2941	Male	Yellow		Dwarves		None
5cd99d4bde30eff6ebccfd05								
5cd99d4bde30eff6ebccfd06	YT 1362	Still alive: Departed over the sea on ,September 29 ,3021	Female	Golden	Tall	Elves	Eregion,Lothlórien,Caras Galadhon	Celeborn
5cd99d4bde30eff6ebccfd07	FA 417	FA 462	Male		Tall	Men		Hareth
5cd99d4bde30eff6ebccfd08			Male			Elves		
5cd99d4bde30eff6ebccfd09	TA 2972	FO 54	Female			Hobbits		
5cd99d4bde30eff6ebccfd0a	FO 2	FO	Male			Hobbits		Unnamed wife
5cd99d4bde30eff6ebccfd0b	TA 2965		Male			Hobbits		None
5cd99d4bde30eff6ebccfd0c	TA 2976		Female			Hobbits		
5cd99d4bde30eff6ebccfd0d	April 6 ,2980	Still alive, after going to the ,Undying Lands, in ,FO 61	Male	Blond (movie)	"1.22m (4'0"")"	Hobbits		Rosie Cotton
5cd99d4bde30eff6ebccfd0e	Possibly late ,Third Age		Male	Possibly blond		Men		
5cd99d4bde30eff6ebccfd0f	March 253021	Early ,Fourth Age	Female	Blonde or Golden		Hobbits		Fastred of Greenholm
5cd99d4bde30eff6ebccfd10		FA 473	Male			Elves		
5cd99d4bde30eff6ebccfd11	TA 2926	FO 7 (SR 1428)	Male	Brown, later gray	"1.2m (3'11"")"	Hobbit		Bell Goodchild
5cd99d4bde30eff6ebccfd12	TA 2969		Male			Hobbits		
5cd99d4bde30eff6ebccfd13			Male	Golden (movie)	6'3 (movie)	Elves		
5cd99d4bde30eff6ebccfd14	FA 450	SA 3441	Male	Possibly golden (book) Dark brown (movie)	Tall	Elves	Havens of Sirion,Lindon	
5cd99d4bde30eff6ebccfd15	First Age		Female			Men		Hador, Lórindol
5cd99d4bde30eff6ebccfd16	Late ,First Age	FA 460	Male			Men		
5cd99d4bde30eff6ebccfd17		Possible sailed West	Male	Golden		Elves,Noldor		
5cd99d4bde30eff6ebccfd18		Presumably still alive	Male			Elves		
5cd99d4bde30eff6ebccfd19	Late ,Third Age		Male	Black	Short	Drúedain		
5cd99d4bde30eff6ebccfd1a	Mid ,First Age		Male			Men		
5cd99d4bde30eff6ebccfd1b	TA 2907	TA 3007	Female	Blonde (film)	"Unknown (book) 1.66m (5'5"") (film)"	Men		Arathorn II
5cd99d4bde30eff6ebccfd1c			Male			Elves		
5cd99d4bde30eff6ebccfd1d	TA 2732	TA 2770	Male			Men		Unnamed wife
5cd99d4bde30eff6ebccfd1e	SA 2630		Male			Men		
5cd99d4bde30eff6ebccfd1f	Possibly ,YT	FA 510	Male	Golden	Tall	Elves		None
5cd99d4bde30eff6ebccfd20	Unknown, late fifth or sixth century ,First Age		Male			Men		
5cd99d4bde30eff6ebccfd21	Late ,Third Age		Male			Men		
5cd99d4bde30eff6ebccfd22	SA 3044	SA 3243	Male			Men		Unnamed wife
5cd99d4bde30eff6ebccfd23	TA 2879	Unknown (Departed to ,Aman ,FO 120,)	Male	Auburn		Dwarves		
5cd99d4bde30eff6ebccfd24	Late ,Third Age		Male			Men		
5cd99d4bde30eff6ebccfd25	TA 2619	TA 2699	Male			Men	Rohan	
5cd99d4bde30eff6ebccfd26			Female			Hobbit		Madoc Brandybuck
5cd99d4bde30eff6ebccfd27	TA 2908	Before ,TA 3001	Male			Hobbits		Unnamed wife
5cd99d4bde30eff6ebccfd28	TA 2274		Male			Hobbits		Unnamed wife
5cd99d4bde30eff6ebccfd29	Late ,First Age	FA 460	Male			Men,Wraith		Eilinel
5cd99d4bde30eff6ebccfd2a	TA 2136	TA 2385	Male			Dwarves	Grey Mountains	Unnamed wife
5cd99d4bde30eff6ebccfd2b	TA 2783	FO 15	Male	Red, later White		Dwarves		Unnamed wife
5cd99d4bde30eff6ebccfd2c	FA 415	FA 473	Female	Blonde		Men		Haldir
5cd99d4bde30eff6ebccfd2d								
5cd99d4bde30eff6ebccfd2e	TA 2668	TA 2741	Male			Men	Rohan	Unnamed wife
5cd99d4bde30eff6ebccfd2f	TA 2810		Male			Hobbits		
5cd99d4bde30eff6ebccfd30	TA 2862		Female			Hobbits		Cotman Cotton
5cd99d4bde30eff6ebccfd31	Unknown, probably several years or so after the ,Battle of Five Armies	Unknown, early ,Fourth Age	Male	Dark	Tall (in Man-form)	Men,Skin-changer		
5cd99d4bde30eff6ebccfd32	Late ,Third Age	March 15 ,3019	Male			Men		
5cd99d4bde30eff6ebccfd33	Mid ,First Age	FA 474	Male			Men		
5cd99d4bde30eff6ebccfd34	TA 2671	TA 2923	Male			Dwarves		Unnamed wife
5cd99d4bde30eff6ebccfd35	TA 2851		Male			Hobbits		
5cd99d4bde30eff6ebccfd36	TA 2854		Male			Hobbits		
5cd99d4bde30eff6ebccfd37			Male			Elves		Unnamed wife
5cd99d4bde30eff6ebccfd38	TA 2859		Male			Hobbits		
5cd99d4bde30eff6ebccfd39	TA 2563	TA 2805	Male			Dwarves		Unnamed wife
5cd99d4bde30eff6ebccfd3a	Mid ,First Age	FA 456	Male			Men		
5cd99d4bde30eff6ebccfd3b	Late ,Third Age	March 15 ,3019	Male	Blond		Men		
5cd99d4bde30eff6ebccfd3c	FA 390	FA 455	Male	Golden		Men		Gildis
5cd99d4bde30eff6ebccfd3d	TA 2245	TA 2395	Male			Men		Unnamed wife
5cd99d4bde30eff6ebccfd3e	TA 2916	March 15 ,3019	Male	Black	Tall	Men		
5cd99d4bde30eff6ebccfd3f	FA 413	FA 473	Male			Men		Glóredhel
5cd99d4bde30eff6ebccfd40	TA 2940	TA 3015	Male			Men		Unnamed wife
5cd99d4bde30eff6ebccfd41	Unknown, possibly during the ,First Age	FA 495	Male	Became grey in captivity		Elves		None, betrothed to ,Finduilas
5cd99d4bde30eff6ebccfd42		TA 3019	Male	Golden		Elves		
5cd99d4bde30eff6ebccfd43	FA 341	FA 420	Female			Men		None
5cd99d4bde30eff6ebccfd44	Late-,Third Age	February 28 ,3019	Male			Men		
5cd99d4bde30eff6ebccfd45	Late ,Third Age	Winter of ,TA 2758	Male			Men		
5cd99d4bde30eff6ebccfd46	SA 852	SA 1211	Male			Men		Tar-Ancalimë
5cd99d4bde30eff6ebccfd47	TA 2480	TA 2605	Male			Men		Unnamed wife
5cd99d4bde30eff6ebccfd48	Late ,First Age	Late First Age	Male			Men		Unnamed wife
5cd99d4bde30eff6ebccfd49	SA 711	Mid ,Second Age	Male			Men		Unnamed wife
5cd99d4bde30eff6ebccfd4a	TA 2760		Male			Hobbit		Unnamed wife
5cd99d4bde30eff6ebccfd4b	FA 419		Female			Men		Galdor
5cd99d4bde30eff6ebccfd4c	Late ,Third Age	March 15 ,3019	Male			Men		
5cd99d4bde30eff6ebccfd4d	FA 470	FA 501	Male			Men		None
5cd99d4bde30eff6ebccfd4e	Mid ,First Age	FA 460	Male			Men		
5cd99d4bde30eff6ebccfd4f	Sometime before ,SA 799		Male			Men		Unnamed wife
5cd99d4bde30eff6ebccfd50	TA 2691	TA 2759	Male			Men	Rohan	Unnamed wife
5cd99d4bde30eff6ebccfd51	F.A. 365		Male			Men		
5cd99d4bde30eff6ebccfd52	FA 441	FA 495				Men	Brethil	Beldis
5cd99d4bde30eff6ebccfd53	Early ,Second Age	unknown	Male			Men		
5cd99d4bde30eff6ebccfd54	Late-,Third Age	March 15 ,3019	Male	Gray		Men		Unnamed wife
5cd99d4bde30eff6ebccfd55			Male			Elves		
5cd99d4bde30eff6ebccfd56	TA 2037	TA 2148	Male			Men		Unnamed wife
5cd99d4bde30eff6ebccfd57	Late-,Third Age	March 15 ,3019	Male			Men		Unnamed wife
5cd99d4bde30eff6ebccfd58	SA 2286	SA 2657	Male			Men		Tar-Vanimeldë
5cd99d4bde30eff6ebccfd59	Late ,Third Age	TA 3019	Male		Tall	Men		
5cd99d4bde30eff6ebccfd5a	Late ,Third Age	March 15 ,3019	Male		Tall	Men		
5cd99d4bde30eff6ebccfd5b	TA 2846		Male			Hobbit		Rowan
5cd99d4bde30eff6ebccfd5c	Late ,Third Age		Male			Hobbits	Shire	
5cd99d4bde30eff6ebccfd5d	Late ,Third Age	Late ,TA 3018	Male			Hobbits	Shire	
5cd99d4bde30eff6ebccfd5e								
5cd99d4bde30eff6ebccfd5f	Possibly late ,Third Age	March 15 ,TA 3019	Male	Blond (Video game)		Men		
5cd99d4bde30eff6ebccfd60	Mid ,FA	Mid FA	Male			Men		Unnamed wife
5cd99d4bde30eff6ebccfd61	Late ,First Age	FA 473	Male			Men		Unnamed wife
5cd99d4bde30eff6ebccfd62	Late ,FA	FA 499	Male			Men		Unnamed wife
5cd99d4bde30eff6ebccfd63	FA 442	FA 473	Male	Golden	Tallest of all mortal men save his son Tuor only	Men		Rían
5cd99d4bde30eff6ebccfd64	TA 899	TA 1149	Male			Men	Gondor	Unnamed wife
5cd99d4bde30eff6ebccfd65	TA 1391	TA 1621	Male			Men	Gondor	Unnamed wife
5cd99d4bde30eff6ebccfd66	TA 2975	March 3, or ,4 ,3019	Male	Reddish brown (movie)		Men		Unknown, possibly none
5cd99d4bde30eff6ebccfd67	TA 2515	TA 2628	Male			Men		Unnamed wife
5cd99d4bde30eff6ebccfd68	Late ,Third Age	Winter of ,TA 2759	Male			Men		
5cd99d4bde30eff6ebccfd69	Mid-,Third Age	Mid-,Third Age	Male			Men		
5cd99d4bde30eff6ebccfd6a	FA 441	FA 502	Male	Golden, grey (in old age)		Men		Morwen Eledhwen
5cd99d4bde30eff6ebccfd6b	Unknown, Awakened in the ,Years of the Trees		Male			Elves		Iminyë
5cd99d4bde30eff6ebccfd6c	Unknown, Awakened in the ,Years of the Trees		Female			Elves		Imin
5cd99d4bde30eff6ebccfd6d	around FA 325	First Age	Male			Men		Unnamed wife
5cd99d4bde30eff6ebccfd6e	TA 2955	FO 34	Male	Black	Tall	Men		Unnamed wife
5cd99d4bde30eff6ebccfd6f	TA 1950	TA 2076	Male			Men		Mithrellas
5cd99d4bde30eff6ebccfd70	YT 1469	Still Alive	Female	Golden	Tall	Elves		Tuor
5cd99d4bde30eff6ebccfd71		FA 489	Male			Dwarves		Unknown, possibly none
5cd99d4bde30eff6ebccfd72		Still Alive	Female	Golden	Tall	Elves	Tirion	Finwë
5cd99d4bde30eff6ebccfd73	TA 2124	TA 2244	Male			Men		Unnamed wife
5cd99d4bde30eff6ebccfd74	YT, and perhaps firstborn	Still Alive	Male	Probably Golden	Tall	Elves	Valinor,Taniquetil	Unnamed wife
5cd99d4bde30eff6ebccfd75	Late ,Second Age		Female			Men		Ar-Gimilzôr
5cd99d4bde30eff6ebccfd76	Late ,Third Age		Female			Men		
5cd99d4bde30eff6ebccfd77	b. ,TA 2990	Early-,Fourth Age	Male			Men		
5cd99d4bde30eff6ebccfd78	TA 2842	TA 2946	Male			Hobbits		Unnamed wife
5cd99d4bde30eff6ebccfd79	Late ,Third Age	Early ,Fourth Age	Male			Men		
5cd99d4bde30eff6ebccfd7a	TA 2832	TA 2930	Male			Hobbits		Not married
5cd99d4bde30eff6ebccfd7b	Mid ,First Age	FA 495	Male			Men		Unnamed wife
5cd99d4bde30eff6ebccfd7c	YT	Unknown, probably still alive	Male	Probably Golden		Elf		
5cd99d4bde30eff6ebccfd7d	After ,SA 1320	Before ,SA 1731	Male			Men		Unnamed wife
5cd99d4bde30eff6ebccfd7e	TA 2947		Female			Men		
5cd99d4bde30eff6ebccfd7f	FA 466	FA 469	Female	Blonde		Men		
5cd99d4bde30eff6ebccfd80	Late ,First Age		Male			Men		Unnamed wife
5cd99d4bde30eff6ebccfd81		Still alive, departed to ,Aman ,FO 120	Male	Uncertain (book), Blonde (films)		Elves		
5cd99d4bde30eff6ebccfd82	SA 3209	TA 2	Male	Black	Very tall almost 7'1	Men	Arnor,Gondor	Unnamed wife
5cd99d4bde30eff6ebccfd83		Possibly departed to ,Aman	Male	Brown (films)	Tall	Elves		
5cd99d4bde30eff6ebccfd84	SA 551		Female			Men		
5cd99d4bde30eff6ebccfd85	SA 532		Female			Men		
5cd99d4bde30eff6ebccfd86	YT		Male			Elves		Vairë
5cd99d4bde30eff6ebccfd87	TA 2857	TA 2929	Female	Brown (film)		Men		Dírhael
5cd99d4bde30eff6ebccfd88	Late ,Second Age	Late Second Age	Female			Men		Unknown husband
5cd99d4bde30eff6ebccfd89	YT	YT (possibly)	Male			Elves		Unnamed wife
5cd99d4bde30eff6ebccfd8a	Late ,First Age	Late First Age	Male			Men		
5cd99d4bde30eff6ebccfd8b	TA 2999		Female			Men	Rohan	omer
5cd99d4bde30eff6ebccfd8c	TA 2459	TA 2501	Male			Men		Unnamed wife
5cd99d4bde30eff6ebccfd8d	TA 2752	TA 2842	Male			Men	Rohan	Unnamed wife
5cd99d4bde30eff6ebccfd8e	Late ,Third Age	TA 2994	Male			Dwarves		
5cd99d4bde30eff6ebccfd8f	YT 1200	FA 503	Female	Black		Elves,Maiar		Beren Erchamion
5cd99d4bde30eff6ebccfd90	TA 2948		Male	Brown		Hobbits		Unnamed wife
5cd99d4bde30eff6ebccfd91	Late ,Third Age		Male	Dark	Tall	Men		
5cd99d4bde30eff6ebccfd92	During the ,Noontide of Valinor	Fate unknown	Male	Dark		Elves		Unnamed wife
5cd99d4bde30eff6ebccfd93	During the ,Noontide of Valinor	FA 587	Male	Dark red	Tall	Elves		None
5cd99d4bde30eff6ebccfd94	UnknownYT	Still alive	Male	Brown with copperlike-red		Elves		Unnamed wife
5cd99d4bde30eff6ebccfd95	F.A. 341		Male			Men		
5cd99d4bde30eff6ebccfd96	SA 377		Female			Men		
5cd99d4bde30eff6ebccfd97	FA 307	FA 398	Male			Men		Meldis
5cd99d4bde30eff6ebccfd98	FA 320	FA 510	Male	Black	Tall	Elves		None
5cd99d4bde30eff6ebccfd99	TA 1144	TA 1349	Male			Men	Arthedain	Unnamed wife
5cd99d4bde30eff6ebccfd9a	Late ,First Age	Late First Age	Male			Men		
5cd99d4bde30eff6ebccfd9b	After ,SA 61	Early ,Second Age	Male			Men		Possible unnamed wife
5cd99d4bde30eff6ebccfd9c								
5cd99d4bde30eff6ebccfd9d	TA 895	TA 1110	Male			Men	Arthedain,Arnor	Unnamed wife
5cd99d4bde30eff6ebccfd9e	FA 282	FA 376	Male			Men		Unnamed wife
5cd99d4bde30eff6ebccfd9f	TA 1557	Sometime after ,TA 1601	Male			Hobbits		
5cd99d4bde30eff6ebccfda0	TA 1960	TA 2080	Male			Men		Unnamed wife
5cd99d4bde30eff6ebccfda1	Mid ,Third Age	Mid Third Age	Male	Dark, later grey 		Men		Unknown, possible none
5cd99d4bde30eff6ebccfda2	Mid-,Third Age	Mid-Third Age	Male			Men		Unnamed wife
5cd99d4bde30eff6ebccfda3	SR 1343		Male			Hobbits		Unnamed wife
5cd99d4bde30eff6ebccfda4	TA 2890	TA 2941	Male	Auburn (film)	"Tall (6'4"")"	Men	Lake-town	
5cd99d4bde30eff6ebccfda5	SA 3318	TA 158	Male			Men	Gondor	Unnamed wife
5cd99d4bde30eff6ebccfda6	Around FA 450		Female			Men		Agathor
5cd99d4bde30eff6ebccfda7	YT	Unknown, presumably still alive	Female			Elves	Tol Eressëa	
5cd99d4bde30eff6ebccfda8	SR 1381	Early-,Fourth Age	Male			Hobbits		
5cd99d4bde30eff6ebccfda9	Mid ,Third Age	July 13 ,1944	Male			Men		
5cd99d4bde30eff6ebccfdaa	SR 1182		Male			Hobbit		Unnamed wife
5cd99d4bde30eff6ebccfdab	Mid ,Third Age	TA 1856	Male			Men		Unnamed wife
5cd99d4bde30eff6ebccfdac	TA 1454	TA 1634	Male			Men	Gondor	Unnamed wife
5cd99d4bde30eff6ebccfdad			Female			Elves		Imrazôr
5cd99d4bde30eff6ebccfdae	FA 443	FA 500	Female	Dark, grey in old age	Tall	Men		Húrin Thalion
5cd99d4bde30eff6ebccfdaf	Late 26th century ,Third Age	Late ,Third Age	Female			Men		Unnamed husband
5cd99d4bde30eff6ebccfdb0	Perhaps ,Firstborn					Elves		
5cd99d4bde30eff6ebccfdb1		YT 1170	Female	Silver		Elves		Finwë
5cd99d4bde30eff6ebccfdb2	Early ,First Age	FA 502	Male			Dwarves		Unnamed wife
5cd99d4bde30eff6ebccfdb3	TA 1049	TA 1294	Male			Men	Gondor	Unknown, possibly none as he had no children
5cd99d4bde30eff6ebccfdb4	SA 840	Mid ,Second Age	Female			Men		
5cd99d4bde30eff6ebccfdb5	YT	TA 1981	Female	Possibly golden		Elves		Loved ,Amroth
5cd99d4bde30eff6ebccfdb6	YT, during the ,Noontide of Valinor	Still alive	Female	Reddish brown		Elves		Fëanor
5cd99d4bde30eff6ebccfdb7		FA 503	Male			Dwarves		
5cd99d4bde30eff6ebccfdb8	SR 1261		Female			Hobbits	Shire	Theobald Bolger
5cd99d4bde30eff6ebccfdb9	SA 222	Early ,Second Age	Male			Men		Unnamed wife
5cd99d4bde30eff6ebccfdba	FA 473	FA 499	Female	Golden	Tall	Men		Túrin Turambar
5cd99d4bde30eff6ebccfdbb	Late ,Third Age		Male			Hobbits		
5cd99d4bde30eff6ebccfdbc	TA 1684	TA 1856	Male			Men		Unnamed wife
5cd99d4bde30eff6ebccfdbd	TA 1832	TA 1981	Male			Dwarves	Khazad-dûm	Unnamed wife
5cd99d4bde30eff6ebccfdbe	TA 2338	TA 2585	Male			Dwarves	Grey Mountains	Unnamed wife
5cd99d4bde30eff6ebccfdbf	Late ,Third Age	TA 2994	Male			Dwarves		
5cd99d4bde30eff6ebccfdc0	Late ,Third Age	Late Third Age	Male			Dwarves		
5cd99d4bde30eff6ebccfdc1	Late Second Age	SA 3065	Male			Men		Unnamed wife
5cd99d4bde30eff6ebccfdc2	Early ,Second Age		Female			Men		Beregar
5cd99d4bde30eff6ebccfdc3	Perhaps ,Firstborn					Elves		
5cd99d4bde30eff6ebccfdc4	TA 2837		Male			Dwarves		
5cd99d4bde30eff6ebccfdc5	TA 2665	TA 2799	Male			Dwarves		Unnamed wife
5cd99d4bde30eff6ebccfdc6	TA 2923	Early ,Fourth Age	Male			Hobbits		Unnamed wife
5cd99d4bde30eff6ebccfdc7	Possibly Firstborn	Still Alive	Male	Silver		Elves	Tol Eressëa,Alqualondë	Unnamed Wife
5cd99d4bde30eff6ebccfdc8	Sometime before ,SA 799		Male			Men		Ailinel
5cd99d4bde30eff6ebccfdc9	TA 1787	TA 1944	Male			Men	Gondor	Unnamed wife
5cd99d4bde30eff6ebccfdca	TA 2865	TA 2994	Male			Dwarves		
5cd99d4bde30eff6ebccfdcb	YT	FA 495 ,Battle of Tumhalad	Male	Golden		Elves	Nargothrond	Unnamed wife
5cd99d4bde30eff6ebccfdcc	TA 2576	TA 2685	Male			Men		Unnamed wife
5cd99d4bde30eff6ebccfdcd	SA 382		Male			Men		
5cd99d4bde30eff6ebccfdce	Late ,Second Age		Male			Men		
5cd99d4bde30eff6ebccfdcf	TA 222	TA 492	Male			Men	Gondor	Unnamed wife
5cd99d4bde30eff6ebccfdd0			Male			Elves		
5cd99d4bde30eff6ebccfdd1	TA 1879	TA 1998	Male			Men		
5cd99d4bde30eff6ebccfdd2	Late ,Third Age		Female			Hobbits		Odo Proudfoot
5cd99d4bde30eff6ebccfdd3	Early ,First Age		Male		Tallest of the Elves of Gondolin	Elves		
5cd99d4bde30eff6ebccfdd4	TA 2910	TA 3012	Male		"1.22m (4'0"")"	Hobbits		Lobelia Sackville-Baggins
5cd99d4bde30eff6ebccfdd5	TA 2904	TA 3005	Male	Brown Gray (movie)		Hobbits		Mrs. Proudfoot
5cd99d4bde30eff6ebccfdd6	Late ,First Age	FA 460	Male			Men		
5cd99d4bde30eff6ebccfdd7	First Age	SA 3434	Male			Elves	Woodland Realm	Unnamed wife
5cd99d4bde30eff6ebccfdd8	Late ,First Age	Late First Age	Male			Men		
5cd99d4bde30eff6ebccfdd9	Mid ,First Age	FA 460	Male			Men		
5cd99d4bde30eff6ebccfdda	FA 450	FA 473	Female			Men		Huor
5cd99d4bde30eff6ebccfddb	c. T.A. 2328		Female			Men		Unnamed husband
5cd99d4bde30eff6ebccfddc	TA 2849	Late ,Third Age	Male			Hobbits	Shire	Belba Baggins
5cd99d4bde30eff6ebccfddd	SR 1255	SR 1348	Male			Hobbits	Bree	Belba Baggins
5cd99d4bde30eff6ebccfdde			Male			Hobbit		Asphodel Brandybuck
5cd99d4bde30eff6ebccfddf	TA 310	TA 541	Male			Men	Gondor	Unnamed wife
5cd99d4bde30eff6ebccfde0	TA 2918	TA 3020	Female		"1.17m (3'10"")"	Hobbit		Otho Sackville-Baggins
5cd99d4bde30eff6ebccfde1	YT		Male			Elves		
5cd99d4bde30eff6ebccfde2	TA 2964	TA 3019	Male	Sandy	"1.22m (4'0"") "	Hobbits		None
5cd99d4bde30eff6ebccfde3	SR 1179		Male			Hobbits		Unnamed wife
5cd99d4bde30eff6ebccfde4	about ,FA 430	FA 495	Male			Men		None known
5cd99d4bde30eff6ebccfde5	Fourth Age		Male			Men		
5cd99d4bde30eff6ebccfde6			Male			Elves		
5cd99d4bde30eff6ebccfde7			Male			Men		
5cd99d4bde30eff6ebccfde8	TA 1126	TA 1366	Male			Men	Gondor	Unnamed wife
5cd99d4bde30eff6ebccfde9	SA 521		Female			Men		Elatan
5cd99d4bde30eff6ebccfdea	Mid-,Third Age		Male			Men		
5cd99d4bde30eff6ebccfdeb	TA 570	TA 830	Male			Men	Gondor	Unnamed wife
5cd99d4bde30eff6ebccfdec	SR 1308	SR 1407	Male			Hobbits		
5cd99d4bde30eff6ebccfded	Late ,Third Age		Male			Hobbits		
5cd99d4bde30eff6ebccfdee	SA 799	Early ,Second Age	Male			Men		None
5cd99d4bde30eff6ebccfdef	TA 2922		Female	Dark	Tall	Men	Rohan	Thengel
5cd99d4bde30eff6ebccfdf0	SA 2406	SA 2737	Male			Men	Númenor	Unnamed wife
5cd99d4bde30eff6ebccfdf1	TA 2920	FO 50	Male			Hobbits		
5cd99d4bde30eff6ebccfdf2	SA 700	SA 1098	Male			Men	Númenor	Erendis
5cd99d4bde30eff6ebccfdf3	SA 192	SA 603	Male			Men	Númenor	Unnamed wife
5cd99d4bde30eff6ebccfdf4	SA 1986	SA 2386	Male			Men	Númenor	Unnamed wife
5cd99d4bde30eff6ebccfdf5	SA 1003	SA 1404	Male			Men	Númenor	Unnamed wife
5cd99d4bde30eff6ebccfdf6	SA 2618	SA 2899	Male			Men	Númenor	Unnamed wife
5cd99d4bde30eff6ebccfdf7	SA 1800	SA 2221	Male			Men	Númenor	Unnamed wife
5cd99d4bde30eff6ebccfdf8	SA 2516	SA 2825	Male			Men	Númenor	Unnamed wife
5cd99d4bde30eff6ebccfdf9	SA 1634	SA 2035	Male			Men	Númenor	Unnamed wife
5cd99d4bde30eff6ebccfdfa	SA 350	SA 751	Male			Men	Númenor	Unnamed wife
5cd99d4bde30eff6ebccfdfb	SA 873	SA 1285	Female			Men	Númenor	Hallacar
5cd99d4bde30eff6ebccfdfc	SA 3035	SA 3255	Male			Men	Númenor	Unnamed wife
5cd99d4bde30eff6ebccfdfd	SA 1174	SA 1574	Male			Men	Númenor	Unnamed wife
5cd99d4bde30eff6ebccfdfe	SA 1474	SA 1873	Male			Men	Númenor	Unnamed wife
5cd99d4bde30eff6ebccfdff	SA 3117	SA 3319	Female			Men	Númenor	Ar-Pharazôn
5cd99d4bde30eff6ebccfe00	SA 1320	SA 1731	Female			Men	Númenor	None
5cd99d4bde30eff6ebccfe01	SA 2277	SA 2637	Female			Men	Númenor	Herucalmo
5cd99d4bde30eff6ebccfe02	TA 654	TA 913	Male			Men	Gondor	Berúthiel
5cd99d4bde30eff6ebccfe03	SA 2136	SA 2526	Male			Men	Númenor	Unnamed wife
5cd99d4bde30eff6ebccfe04	TA 280	TA 515	Male			Men	Arnor	Unnamed wife
5cd99d4bde30eff6ebccfe05	SA 543	SA 942	Male			Men	Númenor	Almarian
5cd99d4bde30eff6ebccfe06	Late ,Third Age		Male			Men		
5cd99d4bde30eff6ebccfe07	Unknown, awakened in the ,Years of the Trees		Male			Elves		Tatië
5cd99d4bde30eff6ebccfe08	Unknown, awakened in the ,Years of the Trees		Female			Elves		Tata
5cd99d4bde30eff6ebccfe09	After ,TA 654	Before ,TA 913	Male			Men		Unnamed wife
5cd99d4bde30eff6ebccfe0a	First Age	First Age	Male			Dwarves		
5cd99d4bde30eff6ebccfe0b	TA 1516	TA 1636	Male			Men	Gondor	Unnamed wife
5cd99d4bde30eff6ebccfe0c	TA 1632	TA 1850	Male			Men	Gondor	Unnamed wife
5cd99d4bde30eff6ebccfe0d	Second Age	Sometime after the ,War of the Last Alliance	Male		Tall	Men,Undead	White Mountains,Paths of the Dead	
5cd99d4bde30eff6ebccfe0e	TA 1577	TA 1798	Male			Men	Gondor	Unnamed wife
5cd99d4bde30eff6ebccfe0f	TA 372	TA 602	Male			Men	Arnor	Unnamed wife
5cd99d4bde30eff6ebccfe10								
5cd99d4bde30eff6ebccfe11	TA 2905	TA 2980	Male			Men	Rohan	Morwen Steelsheen
5cd99d4bde30eff6ebccfe12	TA 2782	TA 2882	Male			Men		Unnamed wife
5cd99d4bde30eff6ebccfe13	First Age	Presumably departed to ,Aman	Male	Golden	Tall	Elves	Woodland Realm,Mirkwood	Unnamed wife
5cd99d4bde30eff6ebccfe14	TA 1934	TA 2190	Male			Dwarves	Khazad-dûm	Unnamed wife
5cd99d4bde30eff6ebccfe15	TA 2746	November 23, TA 2941	Male			Dwarves	Ered Luin	
5cd99d4bde30eff6ebccfe16	TA 2644	TA 2850	Male			Dwarves	Lonely Mountain	Unnamed wife
5cd99d4bde30eff6ebccfe17	TA 2866	FO 137,(aged 280)	Male			Dwarves	Lonely Mountain,Iron Hills	
5cd99d4bde30eff6ebccfe18	TA 2542	TA 2790	Male	Grey-white		Dwarves	Grey Mountains,Lonely Mountain	Unnamed wife
5cd99d4bde30eff6ebccfe19	TA 2948 ,Gondor	March 15 ,3019	Male	White with braids (book) Blonde (films)	Tall	Men		Elfhild
5cd99d4bde30eff6ebccfe1a	TA 2978	February 25 ,3019	Male			Men		
5cd99d4bde30eff6ebccfe1b	After ,SA 61	Early ,Second Age	Female			Men		
5cd99d4bde30eff6ebccfe1c	TA 2035	TA 2289	Male			Dwarves	Lonely Mountain,Grey Mountains	Unnamed wife
5cd99d4bde30eff6ebccfe1d	FO 10	FO 112	Male			Hobbits		Goldilocks Gardner
5cd99d4bde30eff6ebccfe1e	TA 2295	TA 2398	Male			Hobbits		
5cd99d4bde30eff6ebccfe1f	TA 2878	TA 2980	Male			Hobbits		Lalia Clayhanger
5cd99d4bde30eff6ebccfe20	TA 2666	TA 2759	Male			Hobbits		Unnamed wife
5cd99d4bde30eff6ebccfe21	TA 2880	TA 2982	Male			Hobbits		Unnamed wife
5cd99d4bde30eff6ebccfe22	TA 2817	TA 2923	Female			Hobbits		"Gerontius ""The Old"" Took"
5cd99d4bde30eff6ebccfe23	TA 2620	TA 2722	Male			Hobbits		Unnamed wife
5cd99d4bde30eff6ebccfe24	TA 2928	FO 2	Male			Hobbits		Unnamed wife
5cd99d4bde30eff6ebccfe25	TA 2916	TA 3015	Male			Hobbits		None
5cd99d4bde30eff6ebccfe26	TA 2701	TA 2800	Male		"1.35m (4'5"")"	Hobbit		Unnamed wife
5cd99d4bde30eff6ebccfe27	TA 2844		Male			Hobbits		
5cd99d4bde30eff6ebccfe28	TA 2847	TA 2946, (SR 1346	Male			Hobbits		
5cd99d4bde30eff6ebccfe29	SR 1240	SR 1341	Male			Hobbits		Rosa Baggins
5cd99d4bde30eff6ebccfe2a	TA 2790	TA 2920	Male			Hobbits		Adamanta Chubb
5cd99d4bde30eff6ebccfe2b	TA 2849	TA 2934	Male			Hobbits		
5cd99d4bde30eff6ebccfe2c	TA 2933	FO 13	Male			Hobbits		Eglantine Banks
5cd99d4bde30eff6ebccfe2d	TA 2975	before ,FO 63	Female			Hobbits		None
5cd99d4bde30eff6ebccfe2e	TA 2990	FO 65	Male	Almost golden	"1.34m (4'5"")"	Hobbits		Diamond of Long Cleeve
5cd99d4bde30eff6ebccfe2f	SR 1256		Female			Hobbits		Hildigrim Took
5cd99d4bde30eff6ebccfe30	TA 2890	TA 2981	Male			Hobbits		Unnamed wife
5cd99d4bde30eff6ebccfe31	YT 1300	FA 510	Male	Dark		Elves	Nevrast,Gondolin	Elenwë
5cd99d4bde30eff6ebccfe32	TA 2855	TA 2953	Male			Men		Unnamed wife
5cd99d4bde30eff6ebccfe33	FA 464	FA 499	Male	Dark	Tall	Men		Nienor
5cd99d4bde30eff6ebccfe34	YT		Male			Elves		Unnamed wife
5cd99d4bde30eff6ebccfe35	FA 472	None; sailed into the West and was accounted amongst the Eldar	Male	Golden	Tall	Men		Idril Celebrindal
5cd99d4bde30eff6ebccfe36	TA 397	TA 667	Male			Men	Gondor	Unnamed wife
5cd99d4bde30eff6ebccfe37	Mid ,First Age	FA 473	Male			Men		
5cd99d4bde30eff6ebccfe38	TA 2815	TA 2914	Male			Men		Unnamed wife
5cd99d4bde30eff6ebccfe39	Late ,First Age	FA 473	Male			Men		Unnamed wife
5cd99d4bde30eff6ebccfe3a	Mid ,First Age	FA 473	Male			Men		
5cd99d4bde30eff6ebccfe3b	Early ,Second Age	Mid Second Age	Male			Men		Unnamed wife
5cd99d4bde30eff6ebccfe3c	TA 2165	TA 2278	Male			Men		Unnamed wife
5cd99d4bde30eff6ebccfe3d	Late ,First Age	FA 460	Male			Men		
5cd99d4bde30eff6ebccfe3e	Mid ,First Age	FA 473	Male			Men		
5cd99d4bde30eff6ebccfe3f	YT		Female			Elves		Lindo
5cd99d4bde30eff6ebccfe40	TA 1194	TA 1432	Male			Men	Gondor	Vidumavi
5cd99d4bde30eff6ebccfe41	SA 3430	TA 249	Male			Men	Arnor	Unnamed wife
5cd99d4bde30eff6ebccfe42	TA 462	TA 652	Male			Men	Arnor	Unnamed wife
5cd99d4bde30eff6ebccfe43	Early ,Second Age	Early ,Second Age	Male			Men		
5cd99d4bde30eff6ebccfe44	Mid-,Third Age		Male			Men	Rhovanion	Unnamed wife
5cd99d4bde30eff6ebccfe45	SA 61	SA 471	Male			Men	Númenor	Unnamed wife
5cd99d4bde30eff6ebccfe46	SA 203	Early ,Second Age	Female			Men		
5cd99d4bde30eff6ebccfe47	Before ,TA 1255	TA 1344	Female			Men		Valacar
5cd99d4bde30eff6ebccfe48	TA 1919	TA 2029	Male			Men		Unnamed wife
5cd99d4bde30eff6ebccfe49	First Age		Male			Elves		None known
5cd99d4bde30eff6ebccfe4a	SA 425	Early ,Second Age	Male			Men		Unnamed wife
5cd99d4bde30eff6ebccfe4b	TA 2780	TA 2851	Male			Men		Unnamed wife
5cd99d4bde30eff6ebccfe4c	Late ,Third Age	Early ,TA 3019	Male			Hobbits	Bree	
5cd99d4bde30eff6ebccfe4d	TA 2800		Male			Hobbit		Unnamed wife
5cd99d4bde30eff6ebccfe4e	Late ,Third Age	TA 2759	Male			Men	Rohan	
5cd99d4bde30eff6ebccfe4f	Late-,Third Age	Early-,Fourth Age	Male			Men		Unnamed wife
5cd99d4bde30eff6ebccfe53								
5cd99d4bde30eff6ebccfe55								
5cd99d4bde30eff6ebccfe56	SA 371		Female			Men		
5cd99d4bde30eff6ebccfe57								
5cd99d4bde30eff6ebccfe58								
5cd99d4bde30eff6ebccfe59								
5cd99d4bde30eff6ebccfe5a								
5cd99d4bde30eff6ebccfe5b								
5cd99d4bde30eff6ebccfe5c								
5cd99d4bde30eff6ebccfe5d								
5cd99d4bde30eff6ebccfe5e								
5cd99d4bde30eff6ebccfe5f								
5cd99d4bde30eff6ebccfe60								
5cd99d4bde30eff6ebccfe61								
5cd99d4bde30eff6ebccfe62								
5cd99d4bde30eff6ebccfe63								
5cd99d4bde30eff6ebccfe64								
5cd99d4bde30eff6ebccfe65								
5cd99d4bde30eff6ebccfe66								
5cd99d4bde30eff6ebccfe67								
5cd99d4bde30eff6ebccfe68								
5cd99d4bde30eff6ebccfe69								
5cd99d4bde30eff6ebccfe6a								
5cd99d4bde30eff6ebccfe6b								
5cd99d4bde30eff6ebccfe6c								
5cd99d4bde30eff6ebccfe6d								
5cd99d4bde30eff6ebccfe6e								
5cd99d4bde30eff6ebccfe6f								
5cd99d4bde30eff6ebccfe70								
5cd99d4bde30eff6ebccfe71								
5cd99d4bde30eff6ebccfe72								
5cd99d4bde30eff6ebccfe73								
5cd99d4bde30eff6ebccfe74								
5cd99d4bde30eff6ebccfe75								
5cd99d4bde30eff6ebccfe76								
5cd99d4bde30eff6ebccfe77								
5cd99d4bde30eff6ebccfe78								
5cd99d4bde30eff6ebccfe79								
5cd99d4bde30eff6ebccfe7a								
5cd99d4bde30eff6ebccfe7b								
5cd99d4bde30eff6ebccfe7c								
5cd99d4bde30eff6ebccfe7d								
5cd99d4bde30eff6ebccfe7e								
5cd99d4bde30eff6ebccfe7f								
5cd99d4bde30eff6ebccfe80								
5cd99d4bde30eff6ebccfe81								
5cd99d4bde30eff6ebccfe82								
5cd99d4bde30eff6ebccfe83								
5cd99d4bde30eff6ebccfe84								
5cd99d4bde30eff6ebccfe85	TA 2980	FO 60	Male			Hobbits		Marigold Cotton
5cd99d4bde30eff6ebccfe86								
5cd99d4bde30eff6ebccfe87								
5cd99d4bde30eff6ebccfe88								
5cd99d4bde30eff6ebccfe89								
5cd99d4bde30eff6ebccfe8a								
5cd99d4bde30eff6ebccfe8b								
5cd99d4bde30eff6ebccfe8c								
5cd99d4bde30eff6ebccfe8d								
5cd99d4bde30eff6ebccfe8e								
5cd99d4bde30eff6ebccfe8f								
5cd99d4bde30eff6ebccfe90								
5cd99d4bde30eff6ebccfe91								
5cd99d4bde30eff6ebccfe92								
5cd99d4bde30eff6ebccfe93								
5cd99d4bde30eff6ebccfe94								
5cd99d4bde30eff6ebccfe95								
5cd99d4bde30eff6ebccfe96								
5cd99d4bde30eff6ebccfe97								
5cd99d4bde30eff6ebccfe98								
5cd99d4bde30eff6ebccfe99								
5cd99d4bde30eff6ebccfe9a								
5cd99d4bde30eff6ebccfe9b	Unknown, possibly sometime during the ,Years of the Trees	FA 506	Female			Elves	Doriath	Dior Eluchíl
5cd99d4bde30eff6ebccfe9c								
5cd99d4bde30eff6ebccfe9d	TA 2974	November 3 ,3019	Male	Black		Men		
5cd99d4bde30eff6ebccfe9e	TA 2430	March 25 ,3019	Male			Hobbits		
5cd99d4bde30eff6ebccfe9f			Male			Elves		
5cd99d4bde30eff6ebccfea0	Before the the Shaping of Arda	January 253019 ,Battle of the Peak immortal	Male	Grey, later white		Maiar		
5cd99d4bde30eff6ebccfea1	Before the creation of ,Arda	None	Male	Brown-gray (films)		Maiar		None
5cd99d4bde30eff6ebccfea2	Before the creation of Arda	Immortal	Male			Ainur		None
5cd99d4bde30eff6ebccfea3		FA 510,(presumably)	Male			Elves		
5cd99d4bde30eff6ebccfea4	Before the creation of ,Arda	3 November ,3019	Male	White		Maiar	Isengard,Nan Curunír	None
5cd99d4bde30eff6ebccfea5	Before the creation of ,Arda	March 25 ,3019	Male	Various	Various until	Maiar		None
5cd99d4bde30eff6ebccfea6	Before the creation of ,Arda	Immortal	Male			Ainur		
5cd99d4bde30eff6ebccfea7	Before the creation of ,Arda	January 253019	Male	Mane of red flames	Slightly larger and taller than a Man (book), 20 feet (movie)	Maiar,Balrog		
5cd99d4bde30eff6ebccfea8	Before the creation of Arda		Male			Ainur,Maiar		None
5cd99d4bde30eff6ebccfea9	Before the creation of ,Arda	Immortal	Female			Ainur		None
5cd99d4bde30eff6ebccfeaa	Before the creation of ,Arda	Immortal	Female					Ossë
5cd99d4bde30eff6ebccfeab								
5cd99d4bde30eff6ebccfeac								
5cd99d4bde30eff6ebccfead	Before the creation of Arda		Male			Ainur		
5cd99d4bde30eff6ebccfeae								
5cd99d4bde30eff6ebccfeaf	YT 1050	FA 502	Male	Silver	"Tallest of the Elven-folk, 8'2"""	Elves	Doriath	Melian
5cd99d4bde30eff6ebccfeb0								
5cd99d4bde30eff6ebccfeb1	FA 503	Still Alive	Male	Golden		Half-elven		Elwing
5cd99d4bde30eff6ebccfeb2	Late ,Third Age	Presumably sometime after ,TA 3019	Male			Men		
5cd9d533844dc4c55e47afed	YT		Male	Leaf, twig and moss like	15'4	Ents,Onodrim		Fimbrethil
5cd9d576844dc4c55e47afee								
5cd9d5a0844dc4c55e47afef	First Age	Probably died on ,March 25TA 3019, during destruction of ,Mordor	Male	Most likely black or none	"6' 7"" (2.01 m)"	Men		None
5cd9d5cf844dc4c55e47aff0								
5cdbdecb6dc0baeae48cfa35		March ,3019	Male					
5cdbdecb6dc0baeae48cfa36			Male					
5cdbdecb6dc0baeae48cfa37								
5cdbdecb6dc0baeae48cfa38								
5cdbdecb6dc0baeae48cfa39		FA 510	Male		Tall			
5cdbdecb6dc0baeae48cfa3a								
5cdbdecb6dc0baeae48cfa3b								
5cdbdecb6dc0baeae48cfa3c	Late ,Third Age	Early ,Fourth Age	Male	Brown (film)				
5cdbdecb6dc0baeae48cfa3d								
5cdbdecb6dc0baeae48cfa3e								
5cdbdecb6dc0baeae48cfa3f								
5cdbdecb6dc0baeae48cfa40		February 293019	Male					
5cdbdecb6dc0baeae48cfa41		TA 3019	Male					
5cdbdecb6dc0baeae48cfa42	Unknown, first appeared in ,TA 2770	November 1 ,TA 2941	Male				Lonely Mountain	
5cdbdecb6dc0baeae48cfa43								
5cdbdecb6dc0baeae48cfa44	Unknown, possibly during the ,First Age	Unknown, possibly TA 3019	Female		Large and immense		Torech Ungol	
5cdbdecb6dc0baeae48cfa45	TA 2050		Male		7'1		Cirith Ungol	
5cdbdecb6dc0baeae48cfa46		TA 2000	Male	None				
5cdbdecb6dc0baeae48cfa47	Before the creation of Arda	Immortal	Male					
5cdbdecb6dc0baeae48cfa48								
5cdbdecb6dc0baeae48cfa49		Fate officially unknown	Male		Short			
5cdbdecb6dc0baeae48cfa4a	YT	FA 484	Male					
5cdbdecb6dc0baeae48cfa4b								
5cdbdecb6dc0baeae48cfa4c	TA 2788		Male					
5cdbdecb6dc0baeae48cfa4d								
5cdbdecb6dc0baeae48cfa4e		FA 510	Male					
5cdbdecb6dc0baeae48cfa4f								
5cdbdecb6dc0baeae48cfa50								
5cdbdecb6dc0baeae48cfa51		FA 486	Male					
5cdbdecb6dc0baeae48cfa52	Second Age		Male	White			Rhûn,Dol Guldur,Sauron	
5cdbdecb6dc0baeae48cfa53	Before the creation of ,Arda	Immortal	Male					Estë
5cdbdecb6dc0baeae48cfa54			Male	Varies, White 	Varies		Timeless Halls	None
5cdbdecb6dc0baeae48cfa55	Before the creation of ,Arda		Female					
5cdbdecb6dc0baeae48cfa56								
5cdbdecb6dc0baeae48cfa57	First Age	FA 466	Male		Horse-sized			
5cdbdecb6dc0baeae48cfa58	Before the creation of ,Arda	Immortal	Female					Irmo
5cdbdecb6dc0baeae48cfa59	TA 2995	FO	Female	Pale gold	Tall			Faramir
5cdbdecb6dc0baeae48cfa5a	TA 2990	FO 63	Male	Dirty blond	Tall-6'6		Rohan	Lothíriel after the War of the Ring
5cdbdecb6dc0baeae48cfa5b	FA 503	Still Alive	Female	Dark				Eärendil
5cdbdecb6dc0baeae48cfa5c	FA 500	FA 506	Male	Possibly dark				
5cdbdecb6dc0baeae48cfa5d	FA 532	SA 442	Male				Númenor	Unnamed wife
5cdbdecb6dc0baeae48cfa5e								
5cdbdecb6dc0baeae48cfa5f		FA 538	Male					Unknown, possibly none
5cdbdecb6dc0baeae48cfa60		FA 510	Male	Dark				
5cdbdecb6dc0baeae48cfa61								
5cdbdecb6dc0baeae48cfa62	Before the creation ,Arda	Immortal	Male					Uinen
5cdbdecb6dc0baeae48cfa63	Before the creation of ,Arda	Immortal	Male		Varies			Vána
5cdbdecb6dc0baeae48cfa64								
5cdbdecb6dc0baeae48cfa65		FA 510	Male					
5cdbdecb6dc0baeae48cfa66								
5cdbdecb6dc0baeae48cfa67								
5cdbdecb6dc0baeae48cfa68	FO 41		Male					
5cdbdecb6dc0baeae48cfa69	Second Age		Male					
5cdbdecb6dc0baeae48cfa6a								
5cdbdecb6dc0baeae48cfa6b								
5cdbdecb6dc0baeae48cfa6c								
5cdbdecb6dc0baeae48cfa6d		FA 465	Male					
5cdbdecb6dc0baeae48cfa6e	FA 470, 	FA 506, 	Male	Possibly dark			Doriath	Nimloth
5cdbdecb6dc0baeae48cfa6f								
5cdbdecb6dc0baeae48cfa70	YT		Male	Dark 				None
5cdbdecb6dc0baeae48cfa71	TA 2238	TA 2488	Male				Grey Mountains	Unnamed wife
5cdbdecb6dc0baeae48cfa72	TA 2774	TA 2994	Male					
5cdbdecb6dc0baeae48cfa73	Before the creation of ,Arda	Immortal	Male		Various			None
5cdbdecb6dc0baeae48cfa74	Early ,First Age		Male					
5cdbdecb6dc0baeae48cfa75	YT		Female					
5cdbdecb6dc0baeae48cfa76	SA 700		Female					
5cdbdecb6dc0baeae48cfa77	Late ,Third Age		Male					
5cdbdecb6dc0baeae48cfa78	TA 2961	TA 3002	Male	Blond				Théodwyn
5cdbdecb6dc0baeae48cfa79	c. ,TA 2544		Male					Unnamed wife
5cdbdecb6dc0baeae48cfa7a	Early ,Second Age	Early Second Age 	Female	White or grey				
5cdbdecb6dc0baeae48cfa7b	Before the creation of ,Arda	Immortal	Female		Varies		Pastures of Yavanna	Aulë
5cdbdecb6dc0baeae48cfa7c	Unknown, before the coming of Melkor	Unknown, possibly immortal	Male	Brown			Old Forest	Goldberry
5cdbdecb6dc0baeae48cfa7d		TA 2941	Male	None	8,4  Body weight = 190kg			
5cdbdecb6dc0baeae48cfa7e								
5cdbdecb6dc0baeae48cfa7f								
5cdbdecb6dc0baeae48cfa80	Early  ,Third Age		Female				Gondor	Tarannon Falastur
5cdbdecb6dc0baeae48cfa81	Before the creation of ,Arda	Immortal	Female				Valinor,Halls of Nienna	None
5cdbdecb6dc0baeae48cfa82	unknown	Immortal	Female		Various			None
5cdbdecb6dc0baeae48cfa83	Before the creation of ,Arda	Immortal	Female		Varies		Valinor	Tulkas
5cdbdecb6dc0baeae48cfa84			Female					None
5cdbdecb6dc0baeae48cfa85								
5cdbdecb6dc0baeae48cfa86								
5cdbdecb6dc0baeae48cfa87								
5cdbdecb6dc0baeae48cfa88								
5cdbdecb6dc0baeae48cfa89		March ,3019	Male					
5cdbdecb6dc0baeae48cfa8a								
5cdbdecb6dc0baeae48cfa8b								
5cdbdecb6dc0baeae48cfa8c			Male					
5cdbdecb6dc0baeae48cfa8d								
5cdbdecb6dc0baeae48cfa8e	Before the creation of ,Arda	Immortal	Male	Dark	Any size by choice		Utumno,Angband,Middle-earth,Beleriand	
5cdbdecb6dc0baeae48cfa8f	Before the creation of ,Arda	Did not die being a ,Maia returned to ,Valinor, after the death of her husband Thingol	Female	Dark			Doriath	Thingol
5cdbdecb6dc0baeae48cfa90	3019	February 29 ,3019	Male	Black (film)			Isengard,Saruman	none
5cdbdecb6dc0baeae48cfa91	Before the Creation of Arda	Immortal	Male				Arda,Valinor	Varda
5cdbdecb6dc0baeae48cfa92	Before the creation of Arda		Male					Vairë
5cdbdecb6dc0baeae48cfa93			Male					
5cdbdecb6dc0baeae48cfa94		February 29 ,3019	Male					
5cdbdecb6dc0baeae48cfa95		July ,2941	Male	Grey/white strands of hair (film)	About nine feet (film)			
5cdbdecb6dc0baeae48cfa96		March 15, 3019 (film)	Male	white/gray, possibly light brown (film)	"5'9"" - 6'4"" (film)"		Minas Morgul,the Witch-King	None
5cdbdecb6dc0baeae48cfa97	Before the creation of ,Arda	FA 510	Male					
5cdbdecb6dc0baeae48cfa98			Male					
5cdbdecb6dc0baeae48cfa99	SR 1134	SR 1236	Male				Buckland	Malva Headstrong
5cdbdecb6dc0baeae48cfa9a								
5cdbdecb6dc0baeae48cfa9b		March 14 ,3019, slain by ,Shagrat	Male	black	medium		Cirith Ungol	
5cdbdecb6dc0baeae48cfa9c	Unknown, before ,TA 2700	TA 2747	Male				Mount Gram	None
5cdbdecb6dc0baeae48cfa9d	Presumably after Morgoth's return to Angband	FA 501	Male	None	Gigantic			None
5cdbdecb6dc0baeae48cfa9e								
5cdbdecb6dc0baeae48cfa9f	TA 2000		Female					
5cdbdecb6dc0baeae48cfaa0								
5cdbdecb6dc0baeae48cfaa1								
5cdbdecb6dc0baeae48cfaa2	Before the Creation of ,Arda	FA 466	Male	Black with red stripes	Gigantic		Angband	
5cdbdecb6dc0baeae48cfaa3								
5cdbdecb6dc0baeae48cfaa4								
5cdbdecb6dc0baeae48cfaa5	Late ,Third Age	Early ,Fourth Age	Male	Brown (movie)				
5cdbdecb6dc0baeae48cfaa6	Mid-,Second Age	March 15 ,3019	Male	Brown, graying, later white	"7' 1"" (2.13 metres)"		Angmar,Minas Morgul,Osgiliath	
5cdbdecb6dc0baeae48cfaa7								
5cdbdecb6dc0baeae48cfaa8								
5cdbdecb6dc0baeae48cfaa9								
5cdbdecb6dc0baeae48cfaaa	Possibly pre First Age	Unknown; possibly still alive	Most likely male	None	Huge		Doors of Durin	Most likely none
5cdbdecb6dc0baeae48cfaab								
5cdbdecb6dc0baeae48cfaac								
5cdbdecb6dc0baeae48cfaad	Before the creation of Arda	Immortal	Female				Arda	Manwë
5cdbdecb6dc0baeae48cfaae	Before the creation of Arda	Immortal	Female				Valinor,Halls of Mandos	Mandos
5cdbdecb6dc0baeae48cfaaf		Possibly end of ,First Age	Female		Enormous			
5cdbdecb6dc0baeae48cfab0								
5cdbdecb6dc0baeae48cfab1	Before the creation of ,Arda	Immortal	Male				Valinor,Ulmonan	None
5cdbdecb6dc0baeae48cfab2	3019	February 293019	Male	Dark (movie)	"6' 6"" (movie)"		Isengard	None
5cdbdecb6dc0baeae48cfab3		3019	Male				Cirith Ungol	None
5cdbdecb6dc0baeae48cfab4								
5cdbdecb6dc0baeae48cfab5	Before the creation of ,Arda	Immortal	Male	Golden			Valinor,House of Tulkas	Nessa
5cdbdecb6dc0baeae48cfab6		FA 489	Male					
5cdbdecb6dc0baeae48cfab7		March 3 ,3019	Male	Leafy-hair	Very tall			
5cdbdecb6dc0baeae48cfab8								
5cdbdecb6dc0baeae48cfab9								
5cdbdecb6dc0baeae48cfaba								
5cdbdecb6dc0baeae48cfabb								
5cdbdecb6dc0baeae48cfabc			Female					Gormadoc Brandybuck
5cdbdecb6dc0baeae48cfabd								
5cdbdecb6dc0baeae48cfabe								
5cdbdecb6dc0baeae48cfabf		FA 502	Male					
5cdbdecb6dc0baeae48cfac0	Before the creation of ,Arda	First Age	Male	Mane of red flame				
5cdbdecb6dc0baeae48cfac1	 ,3019	February 293019	Male	Dark	6'1 (film)			
5cdbdecb6dc0baeae48cfac2	SR 1313	Between SR 1401-1418			3'8'			Lilah Took
5cdbdecb6dc0baeae48cfac3	Possibly ,First Age	Possibly still alive	Male					
5cdbdecb6dc0baeae48cfac4								
5cdbdecb6dc0baeae48cfac5			Male					
5cdbdecb6dc0baeae48cfac6			Male					Unnamed Wife
5cdbdecb6dc0baeae48cfac7	TA 2004	TA 2129	Male					Unnamed wife
5cdbdecb6dc0baeae48cfac8								
5cdbdecb6dc0baeae48cfac9								
5cdbdecb6dc0baeae48cfaca	Second Age		Male					
5cdbdecb6dc0baeae48cfacb								
5cdbdecb6dc0baeae48cfacc								
5cdbdecb6dc0baeae48cfacd								
5cdbdecb6dc0baeae48cface	TA 2519		Male	Leafy-hair				
5cdbdecb6dc0baeae48cfacf								
5cdbdecb6dc0baeae48cfad0	Third Age, or before		Male	None	About 13'			None
5cdbdecb6dc0baeae48cfad1								
5cdbdecb6dc0baeae48cfad2		FA 465	Female					
5cdbdecb6dc0baeae48cfad3	Before the Creation of ,Arda	Immortal	Male		30			
5cdbdecb6dc0baeae48cfad4		TA 2799	Male	none	8'5		Moria,Mount Gundabad	
5cdbdecb6dc0baeae48cfad5	Before the creation of ,Arda	Immortal	Male					Yavanna
5cdbdecb6dc0baeae48cfad6								
5cdbdecb6dc0baeae48cfad7								
5cdbdecb6dc0baeae48cfad8	Possibly before the Creation of Arda	FA 587	Male		As tall as a mountain			
5cdbdecb6dc0baeae48cfad9								
5cdbdecb6dc0baeae48cfada								
5cdbdecb6dc0baeae48cfadb								
5cdbdecb6dc0baeae48cfadc								
5cdbdecb6dc0baeae48cfadd								
5cdbdf007ed9587226e79499			Female					
5cdbdf377ed9587226e7949a		TA 3019	Male					
5cdbdf477ed9587226e7949b		TA 3019	Male				Gondor	
5cdbdf807ed9587226e7949c		TA 3019						
5cdbe1e17ed9587226e7949d			Female				Rohan	
5cdbe3667ed9587226e7949e			Male				Rivendell	
5cdbe47d7ed9587226e7949f			Male					
5cdbe49b7ed9587226e794a0								
5cdbe73516d496d2c2940848			Male				Rohan	
